club,club_logo
Real Madrid CF,https://cdn.futbin.com/content/fifa18/img/clubs/243.png
FC Barcelona,https://cdn.futbin.com/content/fifa18/img/clubs/241.png
Paris Saint-Germain,https://cdn.futbin.com/content/fifa18/img/clubs/73.png
FC Bayern Munich,https://cdn.futbin.com/content/fifa18/img/clubs/21.png
Manchester United,https://cdn.futbin.com/content/fifa18/img/clubs/11.png
Chelsea,https://cdn.futbin.com/content/fifa18/img/clubs/5.png
Juventus,https://cdn.futbin.com/content/fifa18/img/clubs/45.png
Manchester City,https://cdn.futbin.com/content/fifa18/img/clubs/10.png
Arsenal,https://cdn.futbin.com/content/fifa18/img/clubs/1.png
Atlético Madrid,https://cdn.futbin.com/content/fifa18/img/clubs/240.png
Borussia Dortmund,https://cdn.futbin.com/content/fifa18/img/clubs/22.png
Milan,https://cdn.futbin.com/content/fifa18/img/clubs/47.png
Tottenham Hotspur,https://cdn.futbin.com/content/fifa18/img/clubs/18.png
Napoli,https://cdn.futbin.com/content/fifa18/img/clubs/48.png
Inter,https://cdn.futbin.com/content/fifa18/img/clubs/44.png
Liverpool,https://cdn.futbin.com/content/fifa18/img/clubs/9.png
Roma,https://cdn.futbin.com/content/fifa18/img/clubs/52.png
Beşiktaş JK,https://cdn.futbin.com/content/fifa18/img/clubs/327.png
AS Monaco,https://cdn.futbin.com/content/fifa18/img/clubs/69.png
Bayer 04 Leverkusen,https://cdn.futbin.com/content/fifa18/img/clubs/32.png
AS Saint-Étienne,https://cdn.futbin.com/content/fifa18/img/clubs/1819.png
Athletic Club de Bilbao,https://cdn.futbin.com/content/fifa18/img/clubs/448.png
1. FC Köln,https://cdn.futbin.com/content/fifa18/img/clubs/31.png
Villarreal CF,https://cdn.futbin.com/content/fifa18/img/clubs/483.png
FC Schalke 04,https://cdn.futbin.com/content/fifa18/img/clubs/34.png
Atalanta,https://cdn.futbin.com/content/fifa18/img/clubs/39.png
RB Leipzig,https://cdn.futbin.com/content/fifa18/img/clubs/112172.png
Real Sociedad,https://cdn.futbin.com/content/fifa18/img/clubs/457.png
Torino,https://cdn.futbin.com/content/fifa18/img/clubs/54.png
Sporting CP,https://cdn.futbin.com/content/fifa18/img/clubs/237.png
Leicester City,https://cdn.futbin.com/content/fifa18/img/clubs/95.png
Southampton,https://cdn.futbin.com/content/fifa18/img/clubs/17.png
FC Porto,https://cdn.futbin.com/content/fifa18/img/clubs/236.png
UD Las Palmas,https://cdn.futbin.com/content/fifa18/img/clubs/472.png
Olympique Lyonnais,https://cdn.futbin.com/content/fifa18/img/clubs/66.png
Lazio,https://cdn.futbin.com/content/fifa18/img/clubs/46.png
Genoa,https://cdn.futbin.com/content/fifa18/img/clubs/110556.png
Everton,https://cdn.futbin.com/content/fifa18/img/clubs/7.png
RC Celta de Vigo,https://cdn.futbin.com/content/fifa18/img/clubs/450.png
Valencia CF,https://cdn.futbin.com/content/fifa18/img/clubs/461.png
,
Sevilla FC,https://cdn.futbin.com/content/fifa18/img/clubs/481.png
Toronto FC,https://cdn.futbin.com/content/fifa18/img/clubs/111651.png
Borussia Mönchengladbach,https://cdn.futbin.com/content/fifa18/img/clubs/23.png
Olympique de Marseille,https://cdn.futbin.com/content/fifa18/img/clubs/219.png
SL Benfica,https://cdn.futbin.com/content/fifa18/img/clubs/234.png
RCD Espanyol,https://cdn.futbin.com/content/fifa18/img/clubs/452.png
OGC Nice,https://cdn.futbin.com/content/fifa18/img/clubs/72.png
Spartak Moscow,https://cdn.futbin.com/content/fifa18/img/clubs/100767.png
Swansea City,https://cdn.futbin.com/content/fifa18/img/clubs/1960.png
Sassuolo,https://cdn.futbin.com/content/fifa18/img/clubs/111974.png
TSG 1899 Hoffenheim,https://cdn.futbin.com/content/fifa18/img/clubs/10029.png
Stoke City,https://cdn.futbin.com/content/fifa18/img/clubs/1806.png
Shakhtar Donetsk,https://cdn.futbin.com/content/fifa18/img/clubs/101059.png
West Ham United,https://cdn.futbin.com/content/fifa18/img/clubs/19.png
SV Werder Bremen,https://cdn.futbin.com/content/fifa18/img/clubs/38.png
Watford,https://cdn.futbin.com/content/fifa18/img/clubs/1795.png
Galatasaray SK,https://cdn.futbin.com/content/fifa18/img/clubs/325.png
Lokomotiv Moscow,https://cdn.futbin.com/content/fifa18/img/clubs/100765.png
Zenit St. Petersburg,https://cdn.futbin.com/content/fifa18/img/clubs/100769.png
Bournemouth,https://cdn.futbin.com/content/fifa18/img/clubs/1943.png
Sampdoria,https://cdn.futbin.com/content/fifa18/img/clubs/1837.png
Antalyaspor,https://cdn.futbin.com/content/fifa18/img/clubs/741.png
Girondins de Bordeaux,https://cdn.futbin.com/content/fifa18/img/clubs/59.png
VfL Wolfsburg,https://cdn.futbin.com/content/fifa18/img/clubs/175.png
New York City Football Club,https://cdn.futbin.com/content/fifa18/img/clubs/112828.png
Hertha BSC Berlin,https://cdn.futbin.com/content/fifa18/img/clubs/166.png
SD Eibar,https://cdn.futbin.com/content/fifa18/img/clubs/467.png
Ajax,https://cdn.futbin.com/content/fifa18/img/clubs/245.png
RC Deportivo de La Coruña,https://cdn.futbin.com/content/fifa18/img/clubs/242.png
Crystal Palace,https://cdn.futbin.com/content/fifa18/img/clubs/1799.png
West Bromwich Albion,https://cdn.futbin.com/content/fifa18/img/clubs/109.png
CSKA Moscow,https://cdn.futbin.com/content/fifa18/img/clubs/315.png
Eintracht Frankfurt,https://cdn.futbin.com/content/fifa18/img/clubs/1824.png
Real Betis Balompié,https://cdn.futbin.com/content/fifa18/img/clubs/449.png
Fenerbahçe SK,https://cdn.futbin.com/content/fifa18/img/clubs/326.png
Fiorentina,https://cdn.futbin.com/content/fifa18/img/clubs/110374.png
Burnley,https://cdn.futbin.com/content/fifa18/img/clubs/1796.png
Tigres U.A.N.L.,https://cdn.futbin.com/content/fifa18/img/clubs/1970.png
San Lorenzo de Almagro,https://cdn.futbin.com/content/fifa18/img/clubs/1013.png
Chicago Fire Soccer Club,https://cdn.futbin.com/content/fifa18/img/clubs/693.png
Feyenoord,https://cdn.futbin.com/content/fifa18/img/clubs/246.png
FC Krasnodar,https://cdn.futbin.com/content/fifa18/img/clubs/112218.png
Angers SCO,https://cdn.futbin.com/content/fifa18/img/clubs/1530.png
Montreal Impact,https://cdn.futbin.com/content/fifa18/img/clubs/111139.png
Chievo Verona,https://cdn.futbin.com/content/fifa18/img/clubs/192.png
LA Galaxy,https://cdn.futbin.com/content/fifa18/img/clubs/697.png
Vissel Kobe,https://cdn.futbin.com/content/fifa18/img/clubs/101146.png
Bologna,https://cdn.futbin.com/content/fifa18/img/clubs/189.png
LOSC Lille,https://cdn.futbin.com/content/fifa18/img/clubs/65.png
Orlando City Soccer Club,https://cdn.futbin.com/content/fifa18/img/clubs/112606.png
Atlanta United FC,https://cdn.futbin.com/content/fifa18/img/clubs/112885.png
Independiente,https://cdn.futbin.com/content/fifa18/img/clubs/110093.png
Club Atlético Lanús,https://cdn.futbin.com/content/fifa18/img/clubs/110395.png
RSC Anderlecht,https://cdn.futbin.com/content/fifa18/img/clubs/229.png
İstanbul Başakşehir FK,https://cdn.futbin.com/content/fifa18/img/clubs/101014.png
Hannover 96,https://cdn.futbin.com/content/fifa18/img/clubs/485.png
Newcastle United,https://cdn.futbin.com/content/fifa18/img/clubs/13.png
Málaga CF,https://cdn.futbin.com/content/fifa18/img/clubs/573.png
Trabzonspor,https://cdn.futbin.com/content/fifa18/img/clubs/436.png
PSV,https://cdn.futbin.com/content/fifa18/img/clubs/247.png
FC Augsburg,https://cdn.futbin.com/content/fifa18/img/clubs/100409.png
Club Tijuana,https://cdn.futbin.com/content/fifa18/img/clubs/111678.png
VfB Stuttgart,https://cdn.futbin.com/content/fifa18/img/clubs/36.png
Hamburger SV,https://cdn.futbin.com/content/fifa18/img/clubs/28.png
CD Leganés,https://cdn.futbin.com/content/fifa18/img/clubs/100888.png
Getafe CF,https://cdn.futbin.com/content/fifa18/img/clubs/1860.png
Deportivo Alavés,https://cdn.futbin.com/content/fifa18/img/clubs/463.png
Portland Timbers,https://cdn.futbin.com/content/fifa18/img/clubs/111140.png
Kayserispor,https://cdn.futbin.com/content/fifa18/img/clubs/101020.png
Udinese,https://cdn.futbin.com/content/fifa18/img/clubs/55.png
Standard de Liège,https://cdn.futbin.com/content/fifa18/img/clubs/232.png
Alanyaspor,https://cdn.futbin.com/content/fifa18/img/clubs/113142.png
1. FSV Mainz 05,https://cdn.futbin.com/content/fifa18/img/clubs/169.png
Sparta Praha,https://cdn.futbin.com/content/fifa18/img/clubs/267.png
FC Nantes,https://cdn.futbin.com/content/fifa18/img/clubs/71.png
Al Ahli,https://cdn.futbin.com/content/fifa18/img/clubs/112387.png
SC Braga,https://cdn.futbin.com/content/fifa18/img/clubs/1896.png
Brighton & Hove Albion,https://cdn.futbin.com/content/fifa18/img/clubs/1808.png
Levante UD,https://cdn.futbin.com/content/fifa18/img/clubs/1853.png
Boca Juniors,https://cdn.futbin.com/content/fifa18/img/clubs/1877.png
Columbus Crew SC,https://cdn.futbin.com/content/fifa18/img/clubs/687.png
Querétaro,https://cdn.futbin.com/content/fifa18/img/clubs/110150.png
Dijon FCO,https://cdn.futbin.com/content/fifa18/img/clubs/110569.png
Olympiakos CFP,https://cdn.futbin.com/content/fifa18/img/clubs/280.png
KRC Genk,https://cdn.futbin.com/content/fifa18/img/clubs/673.png
FC Basel,https://cdn.futbin.com/content/fifa18/img/clubs/896.png
Club América,https://cdn.futbin.com/content/fifa18/img/clubs/1879.png
Montpellier Hérault SC,https://cdn.futbin.com/content/fifa18/img/clubs/70.png
Monterrey,https://cdn.futbin.com/content/fifa18/img/clubs/1032.png
Seattle Sounders FC,https://cdn.futbin.com/content/fifa18/img/clubs/111144.png
River Plate,https://cdn.futbin.com/content/fifa18/img/clubs/1876.png
CPD Junior Barranquilla,https://cdn.futbin.com/content/fifa18/img/clubs/101101.png
Stade Rennais FC,https://cdn.futbin.com/content/fifa18/img/clubs/74.png
Wolverhampton Wanderers,https://cdn.futbin.com/content/fifa18/img/clubs/110.png
Akhisar Belediyespor,https://cdn.futbin.com/content/fifa18/img/clubs/111340.png
Rubin Kazan,https://cdn.futbin.com/content/fifa18/img/clubs/110227.png
PAOK Thessaloniki,https://cdn.futbin.com/content/fifa18/img/clubs/393.png
Pachuca,https://cdn.futbin.com/content/fifa18/img/clubs/110147.png
Club León,https://cdn.futbin.com/content/fifa18/img/clubs/110781.png
U.N.A.M.,https://cdn.futbin.com/content/fifa18/img/clubs/1881.png
Granada CF,https://cdn.futbin.com/content/fifa18/img/clubs/110832.png
Necaxa,https://cdn.futbin.com/content/fifa18/img/clubs/101121.png
Colo-Colo,https://cdn.futbin.com/content/fifa18/img/clubs/110980.png
KAA Gent,https://cdn.futbin.com/content/fifa18/img/clubs/674.png
Middlesbrough,https://cdn.futbin.com/content/fifa18/img/clubs/12.png
Toulouse FC,https://cdn.futbin.com/content/fifa18/img/clubs/1809.png
Girona CF,https://cdn.futbin.com/content/fifa18/img/clubs/110062.png
BSC Young Boys,https://cdn.futbin.com/content/fifa18/img/clubs/900.png
FC St. Gallen,https://cdn.futbin.com/content/fifa18/img/clubs/898.png
Santos Futebol Clube,https://cdn.futbin.com/content/fifa18/img/clubs/1053.png
Cagliari,https://cdn.futbin.com/content/fifa18/img/clubs/1842.png
Rio Ave FC,https://cdn.futbin.com/content/fifa18/img/clubs/744.png
Norwich City,https://cdn.futbin.com/content/fifa18/img/clubs/1792.png
Grêmio Foot-Ball Porto Alegrense,https://cdn.futbin.com/content/fifa18/img/clubs/1629.png
Estudiantes de La Plata,https://cdn.futbin.com/content/fifa18/img/clubs/101083.png
Cruzeiro,https://cdn.futbin.com/content/fifa18/img/clubs/568.png
Universidad de Chile,https://cdn.futbin.com/content/fifa18/img/clubs/15029.png
Atletico Nacional Medellin,https://cdn.futbin.com/content/fifa18/img/clubs/101100.png
En Avant de Guingamp,https://cdn.futbin.com/content/fifa18/img/clubs/62.png
FC Ufa,https://cdn.futbin.com/content/fifa18/img/clubs/110822.png
SM Caen,https://cdn.futbin.com/content/fifa18/img/clubs/210.png
Independiente Medellín,https://cdn.futbin.com/content/fifa18/img/clubs/101103.png
Djurgårdens IF,https://cdn.futbin.com/content/fifa18/img/clubs/710.png
Vitória Guimarães,https://cdn.futbin.com/content/fifa18/img/clubs/1887.png
São Paulo Futebol Clube,https://cdn.futbin.com/content/fifa18/img/clubs/598.png
Colorado Rapids,https://cdn.futbin.com/content/fifa18/img/clubs/694.png
Royal Antwerp FC,https://cdn.futbin.com/content/fifa18/img/clubs/230.png
Kaizer Chiefs,https://cdn.futbin.com/content/fifa18/img/clubs/110929.png
Fulham,https://cdn.futbin.com/content/fifa18/img/clubs/144.png
Huddersfield Town,https://cdn.futbin.com/content/fifa18/img/clubs/1939.png
Fluminense Football Club,https://cdn.futbin.com/content/fifa18/img/clubs/567.png
Leeds United,https://cdn.futbin.com/content/fifa18/img/clubs/8.png
Aston Villa,https://cdn.futbin.com/content/fifa18/img/clubs/2.png
Derby County,https://cdn.futbin.com/content/fifa18/img/clubs/91.png
AC Ajaccio,https://cdn.futbin.com/content/fifa18/img/clubs/614.png
Sociedade Esportiva Palmeiras,https://cdn.futbin.com/content/fifa18/img/clubs/383.png
Hellas Verona,https://cdn.futbin.com/content/fifa18/img/clubs/206.png
Rayo Vallecano,https://cdn.futbin.com/content/fifa18/img/clubs/480.png
Club Brugge KV,https://cdn.futbin.com/content/fifa18/img/clubs/231.png
Real Sporting de Gijón,https://cdn.futbin.com/content/fifa18/img/clubs/459.png
Celtic,https://cdn.futbin.com/content/fifa18/img/clubs/78.png
Hull City,https://cdn.futbin.com/content/fifa18/img/clubs/1952.png
Universidad Católica,https://cdn.futbin.com/content/fifa18/img/clubs/110975.png
CD O'Higgins,https://cdn.futbin.com/content/fifa18/img/clubs/112116.png
Club Atlas,https://cdn.futbin.com/content/fifa18/img/clubs/101114.png
SC Freiburg,https://cdn.futbin.com/content/fifa18/img/clubs/25.png
Melbourne City,https://cdn.futbin.com/content/fifa18/img/clubs/112224.png
Grupo Desportivo de Chaves,https://cdn.futbin.com/content/fifa18/img/clubs/518.png
Al Hilal,https://cdn.futbin.com/content/fifa18/img/clubs/605.png
CA Osasuna,https://cdn.futbin.com/content/fifa18/img/clubs/479.png
Perth Glory,https://cdn.futbin.com/content/fifa18/img/clubs/111399.png
Panathinaikos FC,https://cdn.futbin.com/content/fifa18/img/clubs/1884.png
FC Utrecht,https://cdn.futbin.com/content/fifa18/img/clubs/1903.png
Club Atlético Huracán,https://cdn.futbin.com/content/fifa18/img/clubs/111711.png
Ferrara (SPAL),https://cdn.futbin.com/content/fifa18/img/clubs/112791.png
Birmingham City,https://cdn.futbin.com/content/fifa18/img/clubs/88.png
Botafogo de Futebol e Regatas,https://cdn.futbin.com/content/fifa18/img/clubs/517.png
Deportivo Toluca,https://cdn.futbin.com/content/fifa18/img/clubs/1882.png
Amiens SC Football,https://cdn.futbin.com/content/fifa18/img/clubs/1816.png
D.C. United,https://cdn.futbin.com/content/fifa18/img/clubs/688.png
Clube Atlético Paranaense,https://cdn.futbin.com/content/fifa18/img/clubs/1039.png
Göztepe,https://cdn.futbin.com/content/fifa18/img/clubs/101026.png
FC Groningen,https://cdn.futbin.com/content/fifa18/img/clubs/1915.png
FC Ingolstadt 04,https://cdn.futbin.com/content/fifa18/img/clubs/111239.png
New England Revolution,https://cdn.futbin.com/content/fifa18/img/clubs/691.png
FC Red Bull Salzburg,https://cdn.futbin.com/content/fifa18/img/clubs/191.png
Clube Atlético Mineiro,https://cdn.futbin.com/content/fifa18/img/clubs/1035.png
Crotone,https://cdn.futbin.com/content/fifa18/img/clubs/110734.png
Banfield,https://cdn.futbin.com/content/fifa18/img/clubs/110404.png
Grasshopper Club Zürich,https://cdn.futbin.com/content/fifa18/img/clubs/322.png
Sunderland,https://cdn.futbin.com/content/fifa18/img/clubs/106.png
Vitesse,https://cdn.futbin.com/content/fifa18/img/clubs/1909.png
AZ Alkmaar,https://cdn.futbin.com/content/fifa18/img/clubs/1906.png
SV Darmstadt 98,https://cdn.futbin.com/content/fifa18/img/clubs/110502.png
Avaí Futebol Clube,https://cdn.futbin.com/content/fifa18/img/clubs/111976.png
Coritiba Foot Ball Club,https://cdn.futbin.com/content/fifa18/img/clubs/111044.png
Legia Warszawa,https://cdn.futbin.com/content/fifa18/img/clubs/1871.png
RC Strasbourg,https://cdn.futbin.com/content/fifa18/img/clubs/76.png
Brescia,https://cdn.futbin.com/content/fifa18/img/clubs/190.png
Vancouver Whitecaps FC,https://cdn.futbin.com/content/fifa18/img/clubs/101112.png
Western Sydney Wanderers,https://cdn.futbin.com/content/fifa18/img/clubs/112427.png
Guadalajara,https://cdn.futbin.com/content/fifa18/img/clubs/1880.png
Cerezo Osaka,https://cdn.futbin.com/content/fifa18/img/clubs/101148.png
CS Marítimo,https://cdn.futbin.com/content/fifa18/img/clubs/1893.png
Osmanlıspor,https://cdn.futbin.com/content/fifa18/img/clubs/112958.png
Santos Laguna,https://cdn.futbin.com/content/fifa18/img/clubs/110144.png
Philadelphia Union,https://cdn.futbin.com/content/fifa18/img/clubs/112134.png
Dinamo Moscow,https://cdn.futbin.com/content/fifa18/img/clubs/312.png
Monarcas Morelia,https://cdn.futbin.com/content/fifa18/img/clubs/1028.png
Frosinone,https://cdn.futbin.com/content/fifa18/img/clubs/111657.png
Cruz Azul,https://cdn.futbin.com/content/fifa18/img/clubs/1878.png
Real Zaragoza,https://cdn.futbin.com/content/fifa18/img/clubs/244.png
Deportes Iquique,https://cdn.futbin.com/content/fifa18/img/clubs/112531.png
Sydney FC,https://cdn.futbin.com/content/fifa18/img/clubs/111400.png
Brisbane Roar,https://cdn.futbin.com/content/fifa18/img/clubs/111395.png
AEK Athens,https://cdn.futbin.com/content/fifa18/img/clubs/278.png
Colon de Santa Fe,https://cdn.futbin.com/content/fifa18/img/clubs/110406.png
Atiker Konyaspor,https://cdn.futbin.com/content/fifa18/img/clubs/101033.png
Unión Española,https://cdn.futbin.com/content/fifa18/img/clubs/110977.png
Reading,https://cdn.futbin.com/content/fifa18/img/clubs/1793.png
Asociacion Deportivo Cali,https://cdn.futbin.com/content/fifa18/img/clubs/101102.png
Palermo,https://cdn.futbin.com/content/fifa18/img/clubs/1843.png
FC Metz,https://cdn.futbin.com/content/fifa18/img/clubs/68.png
Sporting Kansas City,https://cdn.futbin.com/content/fifa18/img/clubs/696.png
FC Seoul,https://cdn.futbin.com/content/fifa18/img/clubs/982.png
Bursaspor,https://cdn.futbin.com/content/fifa18/img/clubs/742.png
Racing Club de Avellaneda,https://cdn.futbin.com/content/fifa18/img/clubs/101085.png
Benevento Calcio,https://cdn.futbin.com/content/fifa18/img/clubs/112026.png
FC Rostov,https://cdn.futbin.com/content/fifa18/img/clubs/110231.png
Associação Atlética Ponte Preta,https://cdn.futbin.com/content/fifa18/img/clubs/111043.png
Al Nassr,https://cdn.futbin.com/content/fifa18/img/clubs/112139.png
San Jose Earthquakes,https://cdn.futbin.com/content/fifa18/img/clubs/111928.png
Al Ittihad,https://cdn.futbin.com/content/fifa18/img/clubs/607.png
Godoy Cruz,https://cdn.futbin.com/content/fifa18/img/clubs/111706.png
Gimnàstic de Tarragona,https://cdn.futbin.com/content/fifa18/img/clubs/15019.png
Sport Club do Recife,https://cdn.futbin.com/content/fifa18/img/clubs/111057.png
CD Universidad de Concepción,https://cdn.futbin.com/content/fifa18/img/clubs/112534.png
FC Paços de Ferreira,https://cdn.futbin.com/content/fifa18/img/clubs/1892.png
New York Red Bulls,https://cdn.futbin.com/content/fifa18/img/clubs/689.png
Club Atlético Tigre,https://cdn.futbin.com/content/fifa18/img/clubs/111715.png
FC Lorient,https://cdn.futbin.com/content/fifa18/img/clubs/217.png
Belgrano de Córdoba,https://cdn.futbin.com/content/fifa18/img/clubs/111022.png
Sheffield Wednesday,https://cdn.futbin.com/content/fifa18/img/clubs/1807.png
CD Tenerife,https://cdn.futbin.com/content/fifa18/img/clubs/260.png
SC Heerenveen,https://cdn.futbin.com/content/fifa18/img/clubs/1913.png
Independiente Santa Fe,https://cdn.futbin.com/content/fifa18/img/clubs/101104.png
Puebla,https://cdn.futbin.com/content/fifa18/img/clubs/110152.png
Vitória Setúbal,https://cdn.futbin.com/content/fifa18/img/clubs/665.png
FC København,https://cdn.futbin.com/content/fifa18/img/clubs/819.png
Kalmar FF,https://cdn.futbin.com/content/fifa18/img/clubs/1439.png
CD Aves,https://cdn.futbin.com/content/fifa18/img/clubs/666.png
Newell's Old Boys,https://cdn.futbin.com/content/fifa18/img/clubs/110396.png
Terek Grozny,https://cdn.futbin.com/content/fifa18/img/clubs/110109.png
1. FC Union Berlin,https://cdn.futbin.com/content/fifa18/img/clubs/1831.png
Real Valladolid,https://cdn.futbin.com/content/fifa18/img/clubs/462.png
ADO Den Haag,https://cdn.futbin.com/content/fifa18/img/clubs/650.png
Santiago Wanderers,https://cdn.futbin.com/content/fifa18/img/clubs/110976.png
Bari,https://cdn.futbin.com/content/fifa18/img/clubs/1848.png
Ulsan Hyundai Horang-i,https://cdn.futbin.com/content/fifa18/img/clubs/1473.png
La Spezia,https://cdn.futbin.com/content/fifa18/img/clubs/110741.png
1. FC Heidenheim,https://cdn.futbin.com/content/fifa18/img/clubs/111235.png
Rosario Central,https://cdn.futbin.com/content/fifa18/img/clubs/110580.png
Argentinos Juniors,https://cdn.futbin.com/content/fifa18/img/clubs/111019.png
Brentford,https://cdn.futbin.com/content/fifa18/img/clubs/1925.png
Gençlerbirliği SK,https://cdn.futbin.com/content/fifa18/img/clubs/101025.png
FC St. Pauli,https://cdn.futbin.com/content/fifa18/img/clubs/110329.png
Melbourne Victory,https://cdn.futbin.com/content/fifa18/img/clubs/111397.png
VfL Bochum,https://cdn.futbin.com/content/fifa18/img/clubs/160.png
Córdoba CF,https://cdn.futbin.com/content/fifa18/img/clubs/1867.png
Atlético Clube Goianiense,https://cdn.futbin.com/content/fifa18/img/clubs/112119.png
Kardemir Karabükspor,https://cdn.futbin.com/content/fifa18/img/clubs/112122.png
Rosenborg BK,https://cdn.futbin.com/content/fifa18/img/clubs/298.png
AJ Auxerre,https://cdn.futbin.com/content/fifa18/img/clubs/57.png
Real Oviedo,https://cdn.futbin.com/content/fifa18/img/clubs/110827.png
Rangers,https://cdn.futbin.com/content/fifa18/img/clubs/86.png
Vitória ,https://cdn.futbin.com/content/fifa18/img/clubs/1719.png
Arsenal Tula,https://cdn.futbin.com/content/fifa18/img/clubs/110756.png
Molde FK,https://cdn.futbin.com/content/fifa18/img/clubs/417.png
Brøndby IF,https://cdn.futbin.com/content/fifa18/img/clubs/269.png
CF Os Belenenses,https://cdn.futbin.com/content/fifa18/img/clubs/1889.png
SK Rapid Wien,https://cdn.futbin.com/content/fifa18/img/clubs/254.png
Everton de Viña del Mar,https://cdn.futbin.com/content/fifa18/img/clubs/112584.png
CD Los Millionarios Bogota,https://cdn.futbin.com/content/fifa18/img/clubs/101105.png
Sangju Sangmu FC,https://cdn.futbin.com/content/fifa18/img/clubs/2055.png
Jeonbuk Hyundai Motors,https://cdn.futbin.com/content/fifa18/img/clubs/1477.png
FC Dallas,https://cdn.futbin.com/content/fifa18/img/clubs/695.png
ES Troyes AC,https://cdn.futbin.com/content/fifa18/img/clubs/294.png
F.B.C. Unione Venezia,https://cdn.futbin.com/content/fifa18/img/clubs/205.png
Al Qadisiyah,https://cdn.futbin.com/content/fifa18/img/clubs/112391.png
Fortuna Düsseldorf,https://cdn.futbin.com/content/fifa18/img/clubs/110636.png
Boavista FC,https://cdn.futbin.com/content/fifa18/img/clubs/1898.png
Medicana Sivasspor,https://cdn.futbin.com/content/fifa18/img/clubs/101041.png
CD Once Caldas Manizales,https://cdn.futbin.com/content/fifa18/img/clubs/101106.png
FC Ural,https://cdn.futbin.com/content/fifa18/img/clubs/111264.png
Kashiwa Reysol,https://cdn.futbin.com/content/fifa18/img/clubs/101145.png
Malmö FF,https://cdn.futbin.com/content/fifa18/img/clubs/320.png
Cádiz C.F.,https://cdn.futbin.com/content/fifa18/img/clubs/1968.png
Portimonense SC,https://cdn.futbin.com/content/fifa18/img/clubs/10031.png
Urawa Red Diamonds,https://cdn.futbin.com/content/fifa18/img/clubs/111575.png
UD Almería,https://cdn.futbin.com/content/fifa18/img/clubs/1861.png
AIK Solna,https://cdn.futbin.com/content/fifa18/img/clubs/433.png
CD Huachipato,https://cdn.futbin.com/content/fifa18/img/clubs/111327.png
Estoril Praia,https://cdn.futbin.com/content/fifa18/img/clubs/10020.png
1. FC Nürnberg,https://cdn.futbin.com/content/fifa18/img/clubs/171.png
Stade de Reims,https://cdn.futbin.com/content/fifa18/img/clubs/379.png
Moreirense FC,https://cdn.futbin.com/content/fifa18/img/clubs/1900.png
Empoli,https://cdn.futbin.com/content/fifa18/img/clubs/1746.png
Orlando Pirates,https://cdn.futbin.com/content/fifa18/img/clubs/110930.png
FC Anzhi Makhachkala,https://cdn.futbin.com/content/fifa18/img/clubs/100766.png
Heracles Almelo,https://cdn.futbin.com/content/fifa18/img/clubs/100634.png
Eintracht Braunschweig,https://cdn.futbin.com/content/fifa18/img/clubs/110500.png
Cremonese,https://cdn.futbin.com/content/fifa18/img/clubs/111434.png
CD Antofagasta,https://cdn.futbin.com/content/fifa18/img/clubs/112533.png
AS Nancy Lorraine,https://cdn.futbin.com/content/fifa18/img/clubs/1823.png
Suwon Samsung Bluewings,https://cdn.futbin.com/content/fifa18/img/clubs/983.png
Defensa y Justicia,https://cdn.futbin.com/content/fifa18/img/clubs/111710.png
Ipswich Town,https://cdn.futbin.com/content/fifa18/img/clubs/94.png
KAS Eupen,https://cdn.futbin.com/content/fifa18/img/clubs/2013.png
FC Sion,https://cdn.futbin.com/content/fifa18/img/clubs/110770.png
SpVgg Greuther Fürth,https://cdn.futbin.com/content/fifa18/img/clubs/165.png
Adelaide United,https://cdn.futbin.com/content/fifa18/img/clubs/111393.png
Real Salt Lake,https://cdn.futbin.com/content/fifa18/img/clubs/111065.png
FC Midtjylland,https://cdn.futbin.com/content/fifa18/img/clubs/1516.png
Minnesota United,https://cdn.futbin.com/content/fifa18/img/clubs/111138.png
AD Alcorcón,https://cdn.futbin.com/content/fifa18/img/clubs/100831.png
Al Faisaly,https://cdn.futbin.com/content/fifa18/img/clubs/112389.png
FC Tosno,https://cdn.futbin.com/content/fifa18/img/clubs/113704.png
Jeonnam Dragons,https://cdn.futbin.com/content/fifa18/img/clubs/1475.png
FC Twente,https://cdn.futbin.com/content/fifa18/img/clubs/1908.png
F.C. Tokyo,https://cdn.futbin.com/content/fifa18/img/clubs/101150.png
IF Elfsborg,https://cdn.futbin.com/content/fifa18/img/clubs/700.png
Carpi,https://cdn.futbin.com/content/fifa18/img/clubs/112409.png
Parma,https://cdn.futbin.com/content/fifa18/img/clubs/50.png
IFK Norrköping,https://cdn.futbin.com/content/fifa18/img/clubs/702.png
Unión de Santa Fe,https://cdn.futbin.com/content/fifa18/img/clubs/111716.png
Corporación Club Deportivo Tuluá,https://cdn.futbin.com/content/fifa18/img/clubs/112934.png
Kawasaki Frontale,https://cdn.futbin.com/content/fifa18/img/clubs/111730.png
Associação Chapecoense de Futebol,https://cdn.futbin.com/content/fifa18/img/clubs/112476.png
KV Oostende,https://cdn.futbin.com/content/fifa18/img/clubs/682.png
FC Luzern,https://cdn.futbin.com/content/fifa18/img/clubs/897.png
RC Lens,https://cdn.futbin.com/content/fifa18/img/clubs/64.png
1. FC Kaiserslautern,https://cdn.futbin.com/content/fifa18/img/clubs/29.png
Preston North End,https://cdn.futbin.com/content/fifa18/img/clubs/1801.png
Bristol City,https://cdn.futbin.com/content/fifa18/img/clubs/1919.png
Albacete Balompié,https://cdn.futbin.com/content/fifa18/img/clubs/1854.png
GFC Ajaccio,https://cdn.futbin.com/content/fifa18/img/clubs/110316.png
KV Kortrijk,https://cdn.futbin.com/content/fifa18/img/clubs/100081.png
Kashima Antlers,https://cdn.futbin.com/content/fifa18/img/clubs/101147.png
Lobos de la BUAP,https://cdn.futbin.com/content/fifa18/img/clubs/111035.png
Nîmes Olympique,https://cdn.futbin.com/content/fifa18/img/clubs/224.png
Talleres de Cordoba,https://cdn.futbin.com/content/fifa18/img/clubs/112670.png
FC Lugano,https://cdn.futbin.com/content/fifa18/img/clubs/10032.png
SV Zulte-Waregem,https://cdn.futbin.com/content/fifa18/img/clubs/15005.png
Deportes Tolima,https://cdn.futbin.com/content/fifa18/img/clubs/111722.png
Aberdeen,https://cdn.futbin.com/content/fifa18/img/clubs/77.png
Amkar Perm,https://cdn.futbin.com/content/fifa18/img/clubs/110234.png
Kasimpaşa SK,https://cdn.futbin.com/content/fifa18/img/clubs/111339.png
Gimnasia y Esgrima La Plata,https://cdn.futbin.com/content/fifa18/img/clubs/101084.png
Queens Park Rangers,https://cdn.futbin.com/content/fifa18/img/clubs/15.png
Shimizu S-Pulse,https://cdn.futbin.com/content/fifa18/img/clubs/101149.png
Aalborg BK,https://cdn.futbin.com/content/fifa18/img/clubs/820.png
Águilas Doradas,https://cdn.futbin.com/content/fifa18/img/clubs/112578.png
FC Lausanne-Sports,https://cdn.futbin.com/content/fifa18/img/clubs/1862.png
Tiburones Rojos de Veracruz,https://cdn.futbin.com/content/fifa18/img/clubs/110145.png
Perugia,https://cdn.futbin.com/content/fifa18/img/clubs/199.png
Pohang Steelers,https://cdn.futbin.com/content/fifa18/img/clubs/1474.png
Evkur Yeni Malatyaspor,https://cdn.futbin.com/content/fifa18/img/clubs/113259.png
Willem II,https://cdn.futbin.com/content/fifa18/img/clubs/1907.png
Novara,https://cdn.futbin.com/content/fifa18/img/clubs/112225.png
Sporting Charleroi,https://cdn.futbin.com/content/fifa18/img/clubs/670.png
FK Austria Wien,https://cdn.futbin.com/content/fifa18/img/clubs/256.png
CD Feirense,https://cdn.futbin.com/content/fifa18/img/clubs/10019.png
Gamba Osaka,https://cdn.futbin.com/content/fifa18/img/clubs/112093.png
DSC Arminia Bielefeld,https://cdn.futbin.com/content/fifa18/img/clubs/159.png
Nottingham Forest,https://cdn.futbin.com/content/fifa18/img/clubs/14.png
Salernitana,https://cdn.futbin.com/content/fifa18/img/clubs/110373.png
Vercelli,https://cdn.futbin.com/content/fifa18/img/clubs/112398.png
Śląsk Wrocław,https://cdn.futbin.com/content/fifa18/img/clubs/111092.png
Pescara,https://cdn.futbin.com/content/fifa18/img/clubs/200.png
Sagan Tosu,https://cdn.futbin.com/content/fifa18/img/clubs/113160.png
CD Numancia,https://cdn.futbin.com/content/fifa18/img/clubs/477.png
Östersunds FK,https://cdn.futbin.com/content/fifa18/img/clubs/113173.png
Strømsgodset IF,https://cdn.futbin.com/content/fifa18/img/clubs/922.png
Yokohama F. Marinos,https://cdn.futbin.com/content/fifa18/img/clubs/101151.png
Cardiff City,https://cdn.futbin.com/content/fifa18/img/clubs/1961.png
FC Sochaux-Montbéliard,https://cdn.futbin.com/content/fifa18/img/clubs/226.png
Jeju United FC,https://cdn.futbin.com/content/fifa18/img/clubs/1478.png
Lechia Gdańsk,https://cdn.futbin.com/content/fifa18/img/clubs/111091.png
Piast Gliwice,https://cdn.futbin.com/content/fifa18/img/clubs/111086.png
SD Huesca,https://cdn.futbin.com/content/fifa18/img/clubs/110839.png
FC Zürich,https://cdn.futbin.com/content/fifa18/img/clubs/894.png
Heart of Midlothian,https://cdn.futbin.com/content/fifa18/img/clubs/80.png
Atlético Tucumán,https://cdn.futbin.com/content/fifa18/img/clubs/111708.png
Audax Italiano,https://cdn.futbin.com/content/fifa18/img/clubs/101097.png
Club de Deportes Temuco,https://cdn.futbin.com/content/fifa18/img/clubs/112709.png
San Luis de Quillota,https://cdn.futbin.com/content/fifa18/img/clubs/112668.png
Al Taawoun,https://cdn.futbin.com/content/fifa18/img/clubs/112393.png
Lech Poznań,https://cdn.futbin.com/content/fifa18/img/clubs/873.png
Cesena,https://cdn.futbin.com/content/fifa18/img/clubs/110915.png
Chacarita Juniors,https://cdn.futbin.com/content/fifa18/img/clubs/110405.png
Oxford United,https://cdn.futbin.com/content/fifa18/img/clubs/1951.png
Waasland-Beveren,https://cdn.futbin.com/content/fifa18/img/clubs/110913.png
Excelsior,https://cdn.futbin.com/content/fifa18/img/clubs/1971.png
San Martín de San Juan,https://cdn.futbin.com/content/fifa18/img/clubs/111713.png
Hammarby IF,https://cdn.futbin.com/content/fifa18/img/clubs/708.png
Wisła Kraków,https://cdn.futbin.com/content/fifa18/img/clubs/1873.png
Tondela,https://cdn.futbin.com/content/fifa18/img/clubs/112516.png
Virtus Entella,https://cdn.futbin.com/content/fifa18/img/clubs/112495.png
Vegalta Sendai,https://cdn.futbin.com/content/fifa18/img/clubs/112836.png
Alianza Petrolera,https://cdn.futbin.com/content/fifa18/img/clubs/112579.png
CD Palestino,https://cdn.futbin.com/content/fifa18/img/clubs/111328.png
KV Mechelen,https://cdn.futbin.com/content/fifa18/img/clubs/110724.png
Central Coast Mariners,https://cdn.futbin.com/content/fifa18/img/clubs/111396.png
Avellino,https://cdn.futbin.com/content/fifa18/img/clubs/2038.png
FC Barcelona B,https://cdn.futbin.com/content/fifa18/img/clubs/110704.png
Omiya Ardija,https://cdn.futbin.com/content/fifa18/img/clubs/112345.png
Cracovia,https://cdn.futbin.com/content/fifa18/img/clubs/110747.png
Newcastle Jets,https://cdn.futbin.com/content/fifa18/img/clubs/111398.png
Curicó Unido,https://cdn.futbin.com/content/fifa18/img/clubs/112655.png
CF Reus Deportiu,https://cdn.futbin.com/content/fifa18/img/clubs/110854.png
SK Brann,https://cdn.futbin.com/content/fifa18/img/clubs/919.png
C.D. Leonesa S.A.D.,https://cdn.futbin.com/content/fifa18/img/clubs/15012.png
US Quevilly-Rouen,https://cdn.futbin.com/content/fifa18/img/clubs/112552.png
Sporting Lokeren,https://cdn.futbin.com/content/fifa18/img/clubs/2007.png
Houston Dynamo,https://cdn.futbin.com/content/fifa18/img/clubs/698.png
GwangJu FC,https://cdn.futbin.com/content/fifa18/img/clubs/112258.png
Termalica Bruk-Bet Nieciecza,https://cdn.futbin.com/content/fifa18/img/clubs/112510.png
SV Sandhausen,https://cdn.futbin.com/content/fifa18/img/clubs/110178.png
Al Fayha,https://cdn.futbin.com/content/fifa18/img/clubs/113057.png
Pogoń Szczecin,https://cdn.futbin.com/content/fifa18/img/clubs/110746.png
Burton Albion,https://cdn.futbin.com/content/fifa18/img/clubs/15015.png
Al Raed,https://cdn.futbin.com/content/fifa18/img/clubs/112392.png
Bahía Blanca,https://cdn.futbin.com/content/fifa18/img/clubs/110398.png
Ventforet Kofu,https://cdn.futbin.com/content/fifa18/img/clubs/113162.png
Stade Brestois 29,https://cdn.futbin.com/content/fifa18/img/clubs/378.png
BK Häcken,https://cdn.futbin.com/content/fifa18/img/clubs/711.png
La Equidad,https://cdn.futbin.com/content/fifa18/img/clubs/112523.png
CD Lugo,https://cdn.futbin.com/content/fifa18/img/clubs/110831.png
Korona Kielce,https://cdn.futbin.com/content/fifa18/img/clubs/111083.png
PEC Zwolle,https://cdn.futbin.com/content/fifa18/img/clubs/1914.png
MSV Duisburg,https://cdn.futbin.com/content/fifa18/img/clubs/1825.png
AFC Eskilstuna,https://cdn.futbin.com/content/fifa18/img/clubs/112171.png
Club Atlético Patronato,https://cdn.futbin.com/content/fifa18/img/clubs/110581.png
La Berrichonne de Châteauroux,https://cdn.futbin.com/content/fifa18/img/clubs/212.png
Royal Excel Mouscron,https://cdn.futbin.com/content/fifa18/img/clubs/111560.png
Motherwell,https://cdn.futbin.com/content/fifa18/img/clubs/83.png
Júbilo Iwata,https://cdn.futbin.com/content/fifa18/img/clubs/101144.png
SønderjyskE,https://cdn.futbin.com/content/fifa18/img/clubs/1447.png
Al Shabab,https://cdn.futbin.com/content/fifa18/img/clubs/111674.png
US Orléans Loiret Football,https://cdn.futbin.com/content/fifa18/img/clubs/112276.png
Bourg en Bresse Péronnas 01,https://cdn.futbin.com/content/fifa18/img/clubs/110576.png
FC Nordsjælland,https://cdn.futbin.com/content/fifa18/img/clubs/1788.png
FC Thun,https://cdn.futbin.com/content/fifa18/img/clubs/1715.png
CD America de Cali,https://cdn.futbin.com/content/fifa18/img/clubs/101099.png
VVV-Venlo,https://cdn.futbin.com/content/fifa18/img/clubs/100651.png
Charlton Athletic,https://cdn.futbin.com/content/fifa18/img/clubs/89.png
Sevilla Atlético,https://cdn.futbin.com/content/fifa18/img/clubs/110714.png
Ternana,https://cdn.futbin.com/content/fifa18/img/clubs/570.png
Gangwon FC,https://cdn.futbin.com/content/fifa18/img/clubs/112115.png
IFK Göteborg,https://cdn.futbin.com/content/fifa18/img/clubs/319.png
Odense Boldklub,https://cdn.futbin.com/content/fifa18/img/clubs/272.png
Arsenal de Sarandí,https://cdn.futbin.com/content/fifa18/img/clubs/110394.png
SG Dynamo Dresden,https://cdn.futbin.com/content/fifa18/img/clubs/503.png
Bolton Wanderers,https://cdn.futbin.com/content/fifa18/img/clubs/4.png
Plymouth Argyle,https://cdn.futbin.com/content/fifa18/img/clubs/1929.png
Vélez Sarsfield,https://cdn.futbin.com/content/fifa18/img/clubs/101088.png
Daegu FC,https://cdn.futbin.com/content/fifa18/img/clubs/2056.png
Sanfrecce Hiroshima,https://cdn.futbin.com/content/fifa18/img/clubs/113157.png
Odds BK,https://cdn.futbin.com/content/fifa18/img/clubs/1456.png
Holstein Kiel,https://cdn.futbin.com/content/fifa18/img/clubs/576.png
Aarhus GF,https://cdn.futbin.com/content/fifa18/img/clubs/271.png
Blackburn Rovers,https://cdn.futbin.com/content/fifa18/img/clubs/3.png
FC Erzgebirge Aue,https://cdn.futbin.com/content/fifa18/img/clubs/506.png
Sint-Truidense VV,https://cdn.futbin.com/content/fifa18/img/clubs/680.png
Karlsruher SC,https://cdn.futbin.com/content/fifa18/img/clubs/1832.png
Jaguares Fútbol Club,https://cdn.futbin.com/content/fifa18/img/clubs/112903.png
Jagiellonia Białystok,https://cdn.futbin.com/content/fifa18/img/clubs/110745.png
Sarpsborg 08 FF,https://cdn.futbin.com/content/fifa18/img/clubs/112199.png
Temperley,https://cdn.futbin.com/content/fifa18/img/clubs/112904.png
 SSV Jahn Regensburg,https://cdn.futbin.com/content/fifa18/img/clubs/543.png
FC SKA-Energiya Khabarovsk,https://cdn.futbin.com/content/fifa18/img/clubs/110101.png
Barnsley,https://cdn.futbin.com/content/fifa18/img/clubs/1932.png
Sandecja Nowy Sącz,https://cdn.futbin.com/content/fifa18/img/clubs/112508.png
Górnik Zabrze,https://cdn.futbin.com/content/fifa18/img/clubs/420.png
VfL Osnabrück,https://cdn.futbin.com/content/fifa18/img/clubs/487.png
Patriotas Boyacá FC,https://cdn.futbin.com/content/fifa18/img/clubs/112527.png
Valenciennes FC,https://cdn.futbin.com/content/fifa18/img/clubs/110456.png
Tours FC,https://cdn.futbin.com/content/fifa18/img/clubs/110326.png
Lorca Deportiva CF,https://cdn.futbin.com/content/fifa18/img/clubs/2026.png
Albirex Niigata,https://cdn.futbin.com/content/fifa18/img/clubs/112906.png
Cittadella,https://cdn.futbin.com/content/fifa18/img/clubs/111993.png
SK Sturm Graz,https://cdn.futbin.com/content/fifa18/img/clubs/209.png
Aalesunds FK,https://cdn.futbin.com/content/fifa18/img/clubs/1755.png
Deportivo Pasto,https://cdn.futbin.com/content/fifa18/img/clubs/111723.png
Roda JC Kerkrade,https://cdn.futbin.com/content/fifa18/img/clubs/1902.png
Scunthorpe United,https://cdn.futbin.com/content/fifa18/img/clubs/1949.png
Atlético Huila,https://cdn.futbin.com/content/fifa18/img/clubs/112528.png
Wisła Płock,https://cdn.futbin.com/content/fifa18/img/clubs/1569.png
Wigan Athletic,https://cdn.futbin.com/content/fifa18/img/clubs/1917.png
Atlético Bucaramanga,https://cdn.futbin.com/content/fifa18/img/clubs/112992.png
Sparta Rotterdam,https://cdn.futbin.com/content/fifa18/img/clubs/100646.png
Stabæk Fotball,https://cdn.futbin.com/content/fifa18/img/clubs/917.png
Würzburger FV,https://cdn.futbin.com/content/fifa18/img/clubs/110197.png
Carlisle United,https://cdn.futbin.com/content/fifa18/img/clubs/1480.png
Southend United,https://cdn.futbin.com/content/fifa18/img/clubs/1954.png
VfR Aalen,https://cdn.futbin.com/content/fifa18/img/clubs/550.png
Clermont Foot 63,https://cdn.futbin.com/content/fifa18/img/clubs/1815.png
Randers FC,https://cdn.futbin.com/content/fifa18/img/clubs/1786.png
Incheon United FC,https://cdn.futbin.com/content/fifa18/img/clubs/110765.png
Hibernian,https://cdn.futbin.com/content/fifa18/img/clubs/81.png
SCR Altach,https://cdn.futbin.com/content/fifa18/img/clubs/15009.png
Sheffield United,https://cdn.futbin.com/content/fifa18/img/clubs/1794.png
Le Havre AC,https://cdn.futbin.com/content/fifa18/img/clubs/1738.png
Lyngby BK,https://cdn.futbin.com/content/fifa18/img/clubs/15001.png
Walsall,https://cdn.futbin.com/content/fifa18/img/clubs/1803.png
Sandefjord Fotball,https://cdn.futbin.com/content/fifa18/img/clubs/1757.png
Sportfreunde Lotte,https://cdn.futbin.com/content/fifa18/img/clubs/110700.png
Millwall,https://cdn.futbin.com/content/fifa18/img/clubs/97.png
SpVgg Unterhaching,https://cdn.futbin.com/content/fifa18/img/clubs/172.png
Hansa Rostock,https://cdn.futbin.com/content/fifa18/img/clubs/27.png
Wellington Phoenix,https://cdn.futbin.com/content/fifa18/img/clubs/111766.png
Hobro IK,https://cdn.futbin.com/content/fifa18/img/clubs/112425.png
Peterborough United,https://cdn.futbin.com/content/fifa18/img/clubs/1938.png
Chemnitzer FC,https://cdn.futbin.com/content/fifa18/img/clubs/507.png
Grimsby Town,https://cdn.futbin.com/content/fifa18/img/clubs/92.png
Ascoli,https://cdn.futbin.com/content/fifa18/img/clubs/1846.png
Al Fateh,https://cdn.futbin.com/content/fifa18/img/clubs/112390.png
Foggia,https://cdn.futbin.com/content/fifa18/img/clubs/110911.png
Örebro SK,https://cdn.futbin.com/content/fifa18/img/clubs/705.png
Bristol Rovers,https://cdn.futbin.com/content/fifa18/img/clubs/1962.png
1. FC Magdeburg,https://cdn.futbin.com/content/fifa18/img/clubs/110588.png
SG Sonnenhof Großaspach,https://cdn.futbin.com/content/fifa18/img/clubs/111379.png
AC Horsens,https://cdn.futbin.com/content/fifa18/img/clubs/1446.png
Bury,https://cdn.futbin.com/content/fifa18/img/clubs/1945.png
Lillestrøm SK,https://cdn.futbin.com/content/fifa18/img/clubs/299.png
Arka Gdynia,https://cdn.futbin.com/content/fifa18/img/clubs/111082.png
Chamois Niortais FC,https://cdn.futbin.com/content/fifa18/img/clubs/1813.png
Ross County FC,https://cdn.futbin.com/content/fifa18/img/clubs/631.png
Paris FC,https://cdn.futbin.com/content/fifa18/img/clubs/111817.png
Bradford City,https://cdn.futbin.com/content/fifa18/img/clubs/1804.png
Vålerenga Fotball,https://cdn.futbin.com/content/fifa18/img/clubs/920.png
Hamilton Academical FC,https://cdn.futbin.com/content/fifa18/img/clubs/184.png
Luton Town,https://cdn.futbin.com/content/fifa18/img/clubs/1923.png
Blackpool,https://cdn.futbin.com/content/fifa18/img/clubs/1926.png
NAC Breda,https://cdn.futbin.com/content/fifa18/img/clubs/1904.png
Portsmouth,https://cdn.futbin.com/content/fifa18/img/clubs/1790.png
Zagłębie Lubin,https://cdn.futbin.com/content/fifa18/img/clubs/110749.png
SV Wehen Wiesbaden,https://cdn.futbin.com/content/fifa18/img/clubs/492.png
Coventry City,https://cdn.futbin.com/content/fifa18/img/clubs/1800.png
Notts County,https://cdn.futbin.com/content/fifa18/img/clubs/1937.png
Milton Keynes Dons,https://cdn.futbin.com/content/fifa18/img/clubs/1798.png
Rochdale,https://cdn.futbin.com/content/fifa18/img/clubs/1955.png
FK Haugesund,https://cdn.futbin.com/content/fifa18/img/clubs/1463.png
Dundee FC,https://cdn.futbin.com/content/fifa18/img/clubs/180.png
Oldham Athletic,https://cdn.futbin.com/content/fifa18/img/clubs/1920.png
Ohod Club,https://cdn.futbin.com/content/fifa18/img/clubs/113219.png
Rotherham United,https://cdn.futbin.com/content/fifa18/img/clubs/1797.png
HJK Helsinki,https://cdn.futbin.com/content/fifa18/img/clubs/100325.png
Kilmarnock,https://cdn.futbin.com/content/fifa18/img/clubs/82.png
LASK Linz,https://cdn.futbin.com/content/fifa18/img/clubs/252.png
Hokkaido Consadole Sapporo,https://cdn.futbin.com/content/fifa18/img/clubs/112444.png
SC Fortuna Köln,https://cdn.futbin.com/content/fifa18/img/clubs/110169.png
St. Johnstone FC,https://cdn.futbin.com/content/fifa18/img/clubs/100804.png
Sogndal,https://cdn.futbin.com/content/fifa18/img/clubs/1465.png
Envigado FC,https://cdn.futbin.com/content/fifa18/img/clubs/112526.png
SC Preußen Münster,https://cdn.futbin.com/content/fifa18/img/clubs/531.png
Hallescher FC,https://cdn.futbin.com/content/fifa18/img/clubs/110482.png
Crewe Alexandra,https://cdn.futbin.com/content/fifa18/img/clubs/121.png
Ettifaq FC,https://cdn.futbin.com/content/fifa18/img/clubs/112096.png
Exeter City,https://cdn.futbin.com/content/fifa18/img/clubs/143.png
AFC Wimbledon,https://cdn.futbin.com/content/fifa18/img/clubs/112259.png
Doncaster Rovers,https://cdn.futbin.com/content/fifa18/img/clubs/142.png
IK Sirius,https://cdn.futbin.com/content/fifa18/img/clubs/113458.png
Jönköpings Södra IF,https://cdn.futbin.com/content/fifa18/img/clubs/112130.png
Rot-Weiß Erfurt,https://cdn.futbin.com/content/fifa18/img/clubs/100424.png
SV Mattersburg,https://cdn.futbin.com/content/fifa18/img/clubs/1785.png
Viking FK,https://cdn.futbin.com/content/fifa18/img/clubs/300.png
Tigres FC,https://cdn.futbin.com/content/fifa18/img/clubs/112968.png
Mansfield Town,https://cdn.futbin.com/content/fifa18/img/clubs/1940.png
Partick Thistle F.C.,https://cdn.futbin.com/content/fifa18/img/clubs/1754.png
SV Meppen,https://cdn.futbin.com/content/fifa18/img/clubs/110597.png
Tromsø IL,https://cdn.futbin.com/content/fifa18/img/clubs/418.png
Swindon Town,https://cdn.futbin.com/content/fifa18/img/clubs/1934.png
Werder Bremen II,https://cdn.futbin.com/content/fifa18/img/clubs/110694.png
FC Admira Wacker Mödling,https://cdn.futbin.com/content/fifa18/img/clubs/111821.png
SC Paderborn 07,https://cdn.futbin.com/content/fifa18/img/clubs/10030.png
Silkeborg IF,https://cdn.futbin.com/content/fifa18/img/clubs/270.png
Al Batin,https://cdn.futbin.com/content/fifa18/img/clubs/112990.png
Colchester United,https://cdn.futbin.com/content/fifa18/img/clubs/1935.png
FSV Zwickau,https://cdn.futbin.com/content/fifa18/img/clubs/110592.png
Northampton Town,https://cdn.futbin.com/content/fifa18/img/clubs/1930.png
Kristiansund BK,https://cdn.futbin.com/content/fifa18/img/clubs/113459.png
Lincoln City,https://cdn.futbin.com/content/fifa18/img/clubs/149.png
Cambridge United,https://cdn.futbin.com/content/fifa18/img/clubs/1944.png
Dundalk,https://cdn.futbin.com/content/fifa18/img/clubs/837.png
Wycombe Wanderers,https://cdn.futbin.com/content/fifa18/img/clubs/1933.png
Crawley Town,https://cdn.futbin.com/content/fifa18/img/clubs/110890.png
Yeovil Town,https://cdn.futbin.com/content/fifa18/img/clubs/346.png
GIF Sundsvall,https://cdn.futbin.com/content/fifa18/img/clubs/1596.png
FC Carl Zeiss Jena,https://cdn.futbin.com/content/fifa18/img/clubs/110591.png
St. Patrick's Athletic,https://cdn.futbin.com/content/fifa18/img/clubs/423.png
Fleetwood Town,https://cdn.futbin.com/content/fifa18/img/clubs/112260.png
Wolfsberger AC,https://cdn.futbin.com/content/fifa18/img/clubs/111822.png
Cork City,https://cdn.futbin.com/content/fifa18/img/clubs/422.png
Gillingham,https://cdn.futbin.com/content/fifa18/img/clubs/1802.png
SKN St. Pölten,https://cdn.futbin.com/content/fifa18/img/clubs/112075.png
Morecambe,https://cdn.futbin.com/content/fifa18/img/clubs/357.png
Newport County,https://cdn.futbin.com/content/fifa18/img/clubs/112254.png
Shrewsbury,https://cdn.futbin.com/content/fifa18/img/clubs/127.png
Port Vale,https://cdn.futbin.com/content/fifa18/img/clubs/1928.png
Accrington Stanley,https://cdn.futbin.com/content/fifa18/img/clubs/110313.png
Forest Green,https://cdn.futbin.com/content/fifa18/img/clubs/561.png
Cheltenham Town,https://cdn.futbin.com/content/fifa18/img/clubs/1936.png
Barnet,https://cdn.futbin.com/content/fifa18/img/clubs/135.png
Halmstads BK,https://cdn.futbin.com/content/fifa18/img/clubs/321.png
Chesterfield,https://cdn.futbin.com/content/fifa18/img/clubs/1924.png
Shamrock Rovers,https://cdn.futbin.com/content/fifa18/img/clubs/306.png
Bohemian FC,https://cdn.futbin.com/content/fifa18/img/clubs/305.png
Stevenage,https://cdn.futbin.com/content/fifa18/img/clubs/361.png
Finn Harps,https://cdn.futbin.com/content/fifa18/img/clubs/111131.png
Derry City,https://cdn.futbin.com/content/fifa18/img/clubs/445.png
Sligo Rovers,https://cdn.futbin.com/content/fifa18/img/clubs/563.png
FC Helsingør,https://cdn.futbin.com/content/fifa18/img/clubs/113720.png
Bray Wanderers,https://cdn.futbin.com/content/fifa18/img/clubs/838.png
Limerick FC,https://cdn.futbin.com/content/fifa18/img/clubs/111285.png
Galway United,https://cdn.futbin.com/content/fifa18/img/clubs/1571.png
Drogheda United,https://cdn.futbin.com/content/fifa18/img/clubs/1572.png
